﻿Glukosa;BloodPressure;BMI;Age;Diabetes
Baik;Normal;Obesitas;Dewasa;Ya
Baik;Normal;Normal;Dewasa;Tidak
Buruk;Prahipertensi;Normal;Dewasa;Ya
Normal;Prahipertensi;Normal;Dewasa;Tidak
Sedang;Krisis;Obesitas;Dewasa;Ya
Normal;Normal;Normal;Dewasa;Tidak
Baik;Hipertensi1;Obesitas;Dewasa;Tidak
Normal;Normal;Obesitas;Dewasa;Tidak
Buruk;Hipertensi1;Obesitas;Dewasa;Ya
Normal;Hipertensi2;Obesitas;Dewasa;Ya
Normal;Hipertensi1;Obesitas;Dewasa;Tidak
Sedang;Normal;Obesitas;Dewasa;Ya
Sedang;Normal;Normal;Lansia;Tidak
Buruk;Normal;Obesitas;Lansia;Ya
Sedang;Normal;Normal;Dewasa;Ya
Normal;Normal;Obesitas;Dewasa;Tidak
Normal;Hipertensi1;Obesitas;Dewasa;Ya
Normal;Normal;Obesitas;Dewasa;Tidak
Normal;Prahipertensi;Obesitas;Dewasa;Ya
Normal;Hipertensi1;Obesitas;Dewasa;Ya
Normal;Hipertensi1;Obesitas;Dewasa;Tidak
Normal;Hipertensi1;Obesitas;Dewasa;Ya
Buruk;Hipertensi2;Obesitas;Dewasa;Tidak
Normal;Hipertensi1;Obesitas;Dewasa;Ya
Sedang;Hipertensi1;Obesitas;Dewasa;Ya
Normal;Hipertensi1;Obesitas;Dewasa;Ya
Baik;Normal;Obesitas;Dewasa;Tidak
Sedang;Hipertensi1;Normal;Lansia;Tidak
Normal;Hipertensi1;Obesitas;Dewasa;Ya
Normal;Normal;Obesitas;Lansia;Ya
Sedang;Hipertensi1;Obesitas;Dewasa;Tidak
Baik;Prahipertensi;Obesitas;Dewasa;Tidak
Normal;Normal;Obesitas;Dewasa;Tidak
Normal;Hipertensi1;Normal;Dewasa;Tidak
Normal;Hipertensi1;Normal;Dewasa;Tidak
Normal;Normal;Normal;Dewasa;Tidak
Sedang;Normal;Obesitas;Dewasa;Ya
Normal;Hipertensi1;Normal;Dewasa;Tidak
Normal;Normal;Obesitas;Dewasa;Tidak
Normal;Prahipertensi;Normal;Dewasa;Tidak
Buruk;Normal;Obesitas;Dewasa;Ya
Sedang;Hipertensi1;Obesitas;Dewasa;Ya
Normal;Krisis;Obesitas;Dewasa;Ya
Sedang;Hipertensi2;Obesitas;Lansia;Ya
Sedang;Normal;Obesitas;Dewasa;Ya
Baik;Prahipertensi;Obesitas;Dewasa;Ya
Sedang;Normal;Obesitas;Dewasa;Tidak
-;-;Obesitas;Dewasa;Tidak
Normal;Prahipertensi;Obesitas;Dewasa;Ya
Normal;Normal;Obesitas;Dewasa;Tidak
Normal;Normal;Normal;Dewasa;Tidak
Sedang;Normal;Normal;Dewasa;Tidak
Normal;Prahipertensi;Obesitas;Dewasa;Ya
Normal;Hipertensi1;Normal;Dewasa;Tidak
Normal;Normal;Obesitas;Dewasa;Tidak
Normal;Hipertensi1;Kurang;Dewasa;Tidak
Baik;Prahipertensi;Obesitas;Dewasa;Ya
